Nombre;Codigo de sujeto;Codigo EIC;Tipo de SM
1;JOIN;18X0000000001RQ5;Consumidor directo mercado
18X000000000CICG;VIEPR;18X000000000CICG;Productor
18XATAL-12345-1E;ATAL;18XATAL-12345-1E;Productor
18XBURGE-1234--I;BURGE;18XBURGE-1234--I;Productor
18XMIRAS-12345-9;MIRAS;18XMIRAS-12345-9;Productor
18XNEOSC-12345-4;NEOSC;18XNEOSC-12345-4;Productor
18XPAPELECKERSAC;PECKE;18XPAPELECKERSAC;Productor
18XPEUSA-12345-4;PEUSA;18XPEUSA-12345-4;Productor
18XTIRCA-12345-N;TIRCA;18XTIRCA-12345-N;Productor
3D SMART ENERGY SL;DSMAR;18X000000000LHZB;Comercializador
A2J ENERGIA, S.L.;AJENE;18X000000000P83C;Comercializador
AB ENERGIA 1903;ABESL;18XABESL-12345-G;Comercializador
ABASTE COMERCIALIZADORA;ABAST;18X000000000FUA9;Comercializador
ABOÑO GENERACIONES ELECTRICAS, S.L.U.;ABOGE;18X000000000P4PH;Productor
ABOUT WHITE SL;ABOUT;18XABOUT-1234--H;Comercializador
ACAPERSA 1997 SL;ACAPE;18X000000000M3AP;Consumidor directo mercado
ACENHOL ENERGIA SOCIEDAD LIMITADA;ACENH;18X000000000M8D4;Comercializador
ACENORCA;ACENO;18XACENORCASCL-S;Consumidor directo mercado
ACSOL ENERGIA GLOBAL;ACSOL;18X00000000019VC;Comercializador
ACTIVA ENERGIA;ACTIV;18X000000000G865;Comercializador
ADEINNOVA ENERGIA S.L;ADEIN;18XADEIN-12345-0;Comercializador
ADELFAS ENERGIA SL;ADELF;18XADELF-12345-5;Comercializador
ADS ENERGIA;ADSEN;18X000000000J8I6;Comercializador
ADS ENERGY 8.0 SL;ADSSM;18XADSSM-12345-E;Comercializador
ADURIZ ENERGIA;ADUR;18XADURI-12345-1;Comercializador
ADX RENOVABLES SL;ADXRA;18X000000000P0RP;Comercializador
AE3000 AGENT COMERCIALIZADOR S;AGENT;18XAE3000AGENTC1;Productor
AED ENERGÍA ELÉCTRICA, S.L.;AEDEN;18X000000000O0IA;Comercializador
AEQ W2M;AEQ;18X000000000PE5R;Comercializador
AGENTE DEL MERCADO ELECTRICO;AME;18XAME-123456-14;Comercializador
AGRI ENERGIA, S. A.;AGREN;18XAGREN-1234-3J;Comercializador
AGUAS DEL MARQUESADO S.L;AGMA;18XAGMA-123456-K;Consumidor directo mercado
AHORA LUZ ENERGÍA SL;ALENE;18X000000000ND51;Comercializador
AHORRA ENERGIA;AHOE;18X000000000HV4A;Comercializador
AHORRELUZ;ALUZ;18X0000000002ONG;Comercializador
AIZEN ENERGIA SOSTENIBLE RENOVABLE;AIZEE;18X000000000P60O;Comercializador
ALCANZIA ENERGIA;ALCAN;18XALCANZIA-ESP2;Comercializador
ALDEFE COMERCIALIZADORA DE ENE;ALDEF;18XALDEF-12345-R;Comercializador
ALDROENERGIA Y SOLUCIONES SL;ALDRO;18XALDROENERGIAI;Comercializador
ALIO ENERGIA S.L.;ALIOE;18X000000000P2CC;Comercializador
ALMENDRA Y MIEL S.A;LOBO;18XLOBO-123456-L;Consumidor directo mercado
ALPEX IBERICA DE ENERGIA SL;ALPEX;18X0000000008VQ2;Comercializador
ALQUILER SEGURO ENERGIA SA;ALSEG;18X000000000K4EM;Comercializador
ALRERAAN ENERGIA SLU;ALDEC;18X000000000NLQ9;Comercializador
ALSET COMERCIALIZADORA;ALSEC;18X000000000H7XO;Comercializador
ALTA COMERCIALIZADOR;CODOR;18X0000000005GY6;Comercializador
ALTERNA OPERADOR INTEGRAL;LIUP;18XLIUP-123456-M;Comercializador
ALUMINIOS DEL MAESTRE;ALMAE;18X18XALUMAESTRA;Consumidor directo mercado
ALUZ ENERGIA ELECTRICA;ALUZE;18X000000000JZ7L;Comercializador
AMPERE ENERGY COMERCIALIZADORA Y SERVICIOS ENERGETICOS, SRL;AMPEA;18X000000000P874;Comercializador
AMPERIOS ENERGY TRADE;AMPER;18X000000000L409;Comercializador
ANIMA;ANIMA;18X0000000006BIC;Comercializador
ANTEA ENERGIA COMERCIALIZADORA;ANTEA;18X0000000003F35;Comercializador
ANTUKO ENERGÍA, S.L;ANTUK;18X0000000007RQI;Comercializador
APOLO BUSINESS SL;APOLB;18X000000000P3Z0;Comercializador
APRESTOS DE LANERIA SA;APRES;18X000000000NKXZ;Representante
ARACAN ENERGIA SL;ARACA;18XARACA-12345-G;Comercializador
ARANDINA;HARXX;18X000000000N320;Consumidor directo mercado
ARASOL;ARAS;18XARAS-123456-P;Consumidor directo mercado
ARGIMODE SL;ARGIM;18X000000000NQYF;Consumidor directo mercado
ASISTENCIA ENERGÉTICA S.L.;ASIE;18XASIE-123456-S;Comercializador
ASSEN ENERGY, S.L.;ASSEN;18X000000000P5GW;Comercializador
ASTRALCAD ENERGIA S.L.;ASTRA;18X000000000LSEK;Comercializador
ATENCO ENERGIA;ATENC;18X000000000HDW8;Comercializador
ATLAS ENERGIA COMERCIAL;ATLAS;18XATLAS-12345-P;Comercializador
ATP ENERGIA SL;ATPEN;18X000000000P4MN;Comercializador
ATRIA INVERSIONES ENERGÍA SL;ATRES;18X000000000P6R7;Representante
ATURAGUA;AST;18XASTURAGUASICF;Consumidor directo mercado
AUDAX RENOVABLES;ADXRE;18X000000000CNU2;Comercializador
AUSARTA PRIMA;APRIM;18X0000000003DYN;Comercializador
AYLUZ COMERCIALIZADORA;AYLUZ;18XAYLUZ-12345-Z;Comercializador
AYUNTAMIENTO DE AVILES;AVIL;18XAVIL-123456-X;Consumidor directo mercado
BACAICOA;BACA;18X000000000CH6V;Consumidor directo mercado
BAHÍA DE BIZCAIA ELECTRICIDAD;BBEL;18XBBEL-12345-0R;Productor
BALEIKE;BALEI;18X000000000I1RD;Consumidor directo mercado
BARBO ENERGÍAS RENOVABLES S.A.;BARER;18XBARER-12345-W;Productor
BASKONIA KIROL HIRIA SLU;BASKO;18X000000000P23U;Consumidor directo mercado
BASSOLS ENERGIA COMERCIAL,S.L.;BECO;18XBECO-12345-3E;Comercializador
BAZAR TOTEMOI S.L.;TOTEM;18X000000000P5W0;Comercializador
BEROIL ENERGIA ELECTRICA;BENOI;18X000000000HO5T;Comercializador
BESPIN ENERGIA SL;BESPI;18X000000000P64G;Comercializador
BEST OPTION ENERGY, S.L.;BESTO;18X000000000P58B;Comercializador
BIODIESEL ARAGON;BIODI;18X000000000P0MZ;Consumidor directo mercado
BIOENERGÍA SANTAMARÍA, S.A.;SANTG;18XSANTG-12345-Q;Productor
BIOWATT IBERICA S.L;BIOWA;18XBIOWA-1234-19;Productor
BIROU GAS SL;BIROU;18XBIROU-12345-V;Comercializador
BIZCAIA ENERGIA;BIZE;18XBIZE-12345-04;Productor
BOAENERGETICA 2000, S.L.;BOAEN;18X000000000P2QL;Comercializador
BON PREU SAU;BNPRU;18X000000000GDUG;Comercializador
BP GAS EUROPE;BP;18XBP-1234567-3K;Comercializador
BSG ENERGIA;BSGEA;18X00000000079AU;Comercializador
BY ENERGYC ENERGIA EFICIENTE;BYENE;18X000000000H7WQ;Comercializador
CALERA DE ALTZO;CALEA;18X000000000BPZR;Consumidor directo mercado
CALERA DOLOMITAS;DOLNO;18X000000000BQ0K;Consumidor directo mercado
CALIDAD PASCUAL;CAPAS;18XCAPAS-12345-Z;Consumidor directo mercado
CANDELA ENERGÍA SL;CANDL;18X000000000F105;Comercializador
CAPITAL ENERGY COMERCIALIZADORA SLU;LUCEC;18X000000000GXQ1;Comercializador
CAPTURA ENERGIA SL;CAPTA;18X000000000P12Z;Comercializador
CARNES ESTELLES S.A.;ESTEL;18XESTEL-1234-18;Productor
CASAT;CASAT;18X0000000001FYP;Consumidor directo mercado
CATGAS ENERGIA S.A;CATGA;18XCATGA-12345-J;Comercializador
CELLTECH S.L.U;CELL;18XCELL-123456-U;Consumidor directo mercado
CELSA;CELSA;18X0000000003VQM;Comercializador
CELULOSA DE ASTURIAS;CEASA;18XCEASA-1234-4V;Consumidor directo mercado
CELULOSA ENERGÍA, S.L;CENER;18XCENER-1234-1T;Productor
CEMENTO SOLAR SPAIN S.L;CEMEK;18X000000000P9ZJ;Comercializador
CENTRAL TÉRMICA CCO G4 S.L.;CCSR4;18XCCSR4-12345-O;Productor
CENTRICA ENERGY TRADING A/S;NEAS;11XNEAS--------Q;Comercializador
CEPSA GAS Y ELECTRICIDAD;DETIC;18XDETI-12345-1D;Comercializador
CH DUERO;CHDUE;18XCHDUE-12345-9;Productor
CHC COMERCIAL DE REFERENCIA;CHCOR;18XCHCOR-12345-0;Comercializador de Referencia
CHURCH ENERGY, S.L.;CHURC;18X000000000P9P2;Comercializador
CIDE HCENERGÍA, S.A.;CHC;18XCHC-1234567-3;Comercializador
CIMA ENERGIA COMERCIALIZADORA;CIMA;18X000000000C262;Comercializador
CLEARVIEW ENERGY;CLEAR;18X000000000KB0T;Comercializador
COGENERACIÓN DE BEGUDA S.A.;NOEL;18XNOEL-123456-T;Productor
COGENERADORA BURGALESA;COBUR;18XCOBUR-12345-F;Productor
COLABORA ENERGIA-ARGUS;ARGUS;18X000000000AWJ5;Comercializador
COM ELECTRICA MONTOLIU;ELMON;18X00000000023CR;Comercializador
COMERC ELECTRICA TALAYUELAS;CETAL;18XCETAL-12345-6;Comercializador
COMERCAST ENERGIAS, SL;COMER;18X000000000JVAR;Comercializador
COMERCIALITZADORA TORRES ENERG;TOREN;18X0000000001C2O;Comercializador
COMERCIALIZACION;POZO;18XELECTDELPOZOP;Comercializador
COMERCIALIZADOR;AIREL;18X000000000572N;Comercializador
COMERCIALIZADOR DE ENERGIA;NOBE;18XNOBE-123456-L;Comercializador
COMERCIALIZADORA DE ENERGIA DIRECTA SL;CEDSL;18XCEDSL-12345-2;Comercializador
COMERCIALIZADORA DE ENERGÍA ELÉCTRICA;ORWEL;18X0000000008XZF;Comercializador
COMERCIALIZADORA DE ENERGÍA TRANSPARENTE, S.L.;COMEE;18X000000000PB41;Comercializador
COMERCIALIZADORA DE ENERGIAS RENOVABLES Y DE SERVICIOS DE LUZ AMA Y GAS ZON, SOCIEDAD LIMITADA;COMEF;18X000000000PDJ2;Comercializador
COMERCIALIZADORA DEL MEDITERRANEO;ENMED;18X0000000001D6D;Comercializador
COMERCIALIZADORA ELECTRICA DALBATARREC SLU;ALBCO;18X00000000023DP;Comercializador
COMERCIALIZADORA ELECTRICA DE TENERIFE SL;COMED;18X000000000P793;Comercializador
COMERCIALIZADORA ELECTRICA PENINSULAR;CEPEN;18X0000000006X67;Comercializador
COMERCIALIZADORA ELECTRICA SUD;ELESU;18X00000000023US;Comercializador
COMERCIALIZADORA ELECTRICA VALENCIANA;SUMAE;18X000000000GW67;Comercializador
COMERCIALIZADORA ELECTRICIDAD;LUBAL;18XLUBALOO12345L;Comercializador
COMERCIALIZADORA ENERGETICA SOSTENIBLE - GRUPO EDP;CESOS;18X000000000GI7A;Comercializador
COMERCIALIZADORA ENERGÍA ELÉCTRICA;NEWCO;18X000000000G74C;Comercializador
COMERCIALIZADORA LA CHISTABINA;COMCH;18X0000000006SQJ;Comercializador
COMERCIALIZADORA LERSA SL;LER;18XLER-123456-3W;Comercializador
COMERCIALIZADORA LUZIA ENERGIA;BEYON;18X0000000008NYA;Comercializador
COMERCIALIZADORA SUMINISTRO ES;COALG;18XCOALG-12345-U;Comercializador
COMPANIA DEL SOL DE ELECTRCIDAD SL;COSEL;18X000000000M2GG;Comercializador
COMPAÑÍA ESPAÑOLA DE PETROLEOS;CEPSA;18XCEPSA-12345-6;Productor
COMPAÑIA LUMISA ENERGIAS;LUMIE;18XLUMIE-12345-G;Comercializador
COMPRA ENERGÍA PARA PRODUCIR EMBUTIDOS Y TORTILLAS;PALAC;18XPALAC-12345-H;Consumidor directo mercado
COMPRAENERGIAPARAGRUPO;TRADB;18X000000000G6S4;Consumidor directo mercado
COMUNIDAD DE REGANTES EL PORVENIR;PORVE;18X000000000ORQO;Consumidor directo mercado
CONECTA ENERGIA VERDE;CONEV;18X000000000F6YX;Comercializador
CONECTA2;CONEC;18XCONEC-12345-U;Comercializador
CONSORCIO ZONA FRANCA DE VIGO;CZFV;18XCZFV-123456-3;Consumidor directo mercado
CONSULTING AND MANAGEMENT GREEN ENERGY;CONSB;18X000000000LJCE;Comercializador
CONSUMIDOR DIRECTO AYUNTAMIENTO RIVAS;RIVAS;18X00000000053OS;Consumidor directo mercado
CONTOURGLOBAL LA RIOJA, S.L.;ARRUB;18XARRUB-12345-A;Productor
COOP ELECTR DE CASTELLAR, S.CV;CECA;18XCECA-123456-H;Comercializador
COOP. ELECT. CATRALENSE;CCATR;18XCCATR-12345-W;Comercializador
COOP. ELECT. NTRA. SRA. GRACIA;EBIAR;18XEBIAR-12345-9;Comercializador
COOP.ELECTRICA SERRALLO;EDFAS;18XEDFAS-12345-9;Comercializador
COOPELECSANFCODEASIS;SFAD;18XSFAD-123456-B;Comercializador
COOPERATIVA ELÉCTRICA-BENÉFICA;CEA;18XCOOPERATIVAES;Comercializador
CORPOLUX;CORPO;18XCORPO-12345-R;Comercializador
CORPORACION ALIMENTARIA GUISSO;GUIS;18XGUIS-12345-1P;Productor
COVINIL;VINI;18XVINI-123456-2;Consumidor directo mercado
COX ENERGIA COMERCIALIZADORA;AENER;18XAVALIAENERGIN;Comercializador
CRCES;CRCES;18X000000000HFKQ;Consumidor directo mercado
CREAENERGIA ECO, S.L.U;CREAE;18X000000000M0P4;Comercializador
CRECE SOLUCIONES DE ENERGIA;CRESO;18X000000000JE5E;Comercializador
CUNTIENSE COMERCIALIZADORA;CUNC;18XCUNC-123456-H;Comercializador
CUPIRE PADESA S.L;CUPA;18XCUPA-123456-F;Consumidor directo mercado
CURENERGÍA;IBCUR;18XIBCUR-12345-8;Comercializador de Referencia
CUVER DESTELLA ENERGIA, SL.;CUVER;18X000000000PA52;Comercializador
CYDAE;CYDAE;18XCYDAE14888322;Comercializador
CYE ENERGÍA S.L.;CYE;18XCYE-123456--N;Comercializador
DAIMUZ ENERGIA SL;DAIMU;18XDAIMUZSL2014M;Comercializador
DALUZ ENERGIA SL;PRIME;18X000000000M8W3;Comercializador
DEBARU;DEBAR;18X000000000ME28;Comercializador
DEEPKI ESPAÑA SL;DEEPK;18X000000000H675;Comercializador
DEPORTIVO ALAVES SAD;DEPOA;18X000000000N0QZ;Consumidor directo mercado
DILUZ COMERCIALIZADORA DE ELECTRICIDAD S.L.;DILUZ;18X000000000L8SF;Comercializador
DIPUTACION DE BADAJOZ;DIPBA;18X000000000HGOF;Consumidor directo mercado
DIRECT GREEN S.L;DIREA;18X000000000M8U7;Comercializador
DISA ENERGIA ELECTRICA SL;DIELE;18X0000000004IJY;Comercializador
DISTRIBUIDORA ELÉCTRICA DE CATOIRA, S.A;ELCAT;18XELCAT-12345-B;Comercializador
DIVICONSULTING ENERGIA COMERCIALIZADORA;DIVIC;18X0000000004S7S;Comercializador
DOMESTICA GAS Y ELECTRICIDAD;ZEREN;18X0000000000X4Z;Comercializador
DON BELTRAN MARKET, S.L.;DONBE;18X000000000PEAH;Comercializador
DREUE AGRUPACION S L;DREUA;18XDREUA-12345-C;Comercializador
DRK ENERGY COMERCIALIZADORA;DRK;18XDRK-1234567-4;Comercializador
DUFERCO ENERGIA S.P.A.;DUFEA;26X00000009701-T;Comercializador
DX COMERCIALIZADORA;DXD;18X0000000004SMZ;Comercializador
DXT COMMODITIES SA;DUFER;12X-0000001848-D;Comercializador
DYNEFF ESPAÑA SL;DYNEF;18X000000000LV8N;Comercializador
E GUIXES ENERGIA;EGEN;18XEGEN-123456-0;Comercializador
E-LUZ ENERGY SOLUTIONS, S.L.;ELUZE;18X000000000IQ0T;Comercializador
E. DE SOT DE CHERA, SOC. COOP;CHERA;18XCHERA-12345-R;Productor
EBROENERGIA COMERCIALIZADORA SL;EBROE;18X000000000I18E;Comercializador
ECO NUEVOS DESARROLLOS;ECOND;18XECOND-12345-1;Comercializador
ECOFUTURA LUZ ENERGIA;ECOFU;18X00000000024EK;Comercializador
ECONACTIVA SCOOP. DE C-LM;ECON;18XECON-123456-C;Comercializador
ECOTHERMIC XXI, SOCIEDAD LIMITADA;ECOTH;18X000000000P7IM;Comercializador
ECOVERGY RENOVABLES;ECOVE;18X000000000NWLN;Comercializador
EDF TRADING LTD;EDFT;11XEDFTRADING--G;Comercializador
EDFA CASABLANCA;EDFAC;18XEDFAC-12345-5;Comercializador
EDP CLIENTES;EDPCL;18X000000000I8HC;Comercializador
EDP ESPAÑA, S.A.;HC G;18XHCG-123456-0D;Productor
EFI-DUERO ENERGY SOCIEDAD COOPERATIVA EUROPEA LIMITADA;EFIDU;18X0000000004Y3I;Comercializador
EHN GREEN ENERGY DEVELOPMENT;EGED;18XEGED-12345-16;Comercializador
EKHINEO ENERGÍA, S.L.;EKHIN;18X000000000P3F3;Comercializador
EKILUZ ENERGIA COMERCIALIZADORA SL;KREAN;18X000000000HBAL;Comercializador
ELALG;ELALG;18XELALG-12345-3;Comercializador
ELEC MUN S COLOMA DE QUERALT;STACO;18X0000000002Q2F;Comercializador
ELEC SERRANIA RONDA ENERGIA SL;RONDA;18XRONDA-12345-B;Comercializador
ELECBALEAR SL;ELECB;18X00000000014AW;Comercializador
ELECNOVA;ELECN;18XELECNOVASXXIG;Comercializador
ELECTED ENERGY;ELTED;18X000000000ITO9;Comercializador
ELECTRA ALTO MIÑO COMERCIALIZA;EAM01;18XEAM01-12345-F;Comercializador
ELECTRA AVELLANA COMERCIAL, S.;ELAVE;18XELAVE-12345-W;Comercializador
ELECTRA CALDENSE ENERGÍA, S.A.;ECAL;18XECAL-12345-3E;Comercializador
ELECTRA DEL CARDENER ENERGIA;ECE;18XECE-123456-3V;Comercializador
ELECTRA ENERGIA S.A.U.;EEN;18XEEN-123456-3J;Comercializador
ELECTRA NORTE ENERGIA, S.A.;NORT;18XENORT-1234-1W;Comercializador
ELECTRA VAQUER, S.A.;VAQ;18XVAQ-123456-3Z;Comercializador
ELECTRACOMERCIAL CENTELLES;CENTS;18XCENTS-12345-4;Comercializador
ELECTRICA ANTONIO MADRID;AMADR;18XELANTONIMADRV;Comercializador
ELECTRICA BENASQUE SL;ELBEN;18X0000000001SQ2;Comercializador
ELECTRICA CATRALENSE SLU;CATRA;18XCATRA-12345-K;Comercializador
ELECTRICA DE ALBATERENSE, S.L;EALB;18XEALB-123456-4;Comercializador
ELECTRICA DE CADIZ;ECADZ;18XECADZ-1234-3U;Comercializador
ELECTRICA DE CALLOSA DE SEGURA;CALLO;18XCALLO-12345-5;Productor
ELECTRICA DE CHERA;ACHER;18XACHER-12345-K;Comercializador
ELECTRICA DE GUADASSUAR, S.C.V;COELD;18XCOELD-12345-D;Comercializador
ELECTRICA DE MELIANA;EMELI;18XELECTRICADEME;Comercializador
ELECTRICA DE SUDANELL SL;JOSEP;18XJOSEP-12345-Q;Comercializador
ELECTRICA DE VINALESA SCV;VINAL;18XVINAL-1234--H;Comercializador
ELECTRICA DEL MONTSEC, S.L;MONTS;18XMONTS-12345-D;Comercializador
ELECTRICA POPULAR, S. COOP.;ELPOP;18XELPOP-12345-N;Productor
ELECTRICA SALAS DE PALLARS COMERCIALIZADORA;SALPA;18X00000000023BT;Comercializador
ELECTRICA SEROSENSE;ESERO;18XESERO-1234-3C;Comercializador
ELECTRICA SOLLERENSE SA;SOLL;18XSOLLE-12345-F;Comercializador
ELECTRICIDAD ELEIA SL;ELEIA;18X000000000D1QZ;Comercializador
ELECTRICITAT DALMENAR SL.;ELALM;18X0000000002CQ9;Comercializador
ELECTROROUTE ENERGY TRADING LD;EROUT;23X----110718ERI;Comercializador
ELEGA ENERGIA COMERCIALIZADORA;ELEGA;18X00000000029OM;Comercializador
ELEK COMERCIALIZADORA;ELEK;18XELEK-123456-7;Comercializador
ELEKTRIZITATS-GESELLSHAFT;EGLE;18XEGLE-12345-1U;Comercializador
ELEVA 2 COMERCIALIZADORA;ELVA2;18XELVA2-12345-8;Comercializador
ELEVA UNO COMERCIALIZADORA;ELVA1;18XELVA1-12345-H;Comercializador
ELITE BIOENERGÍA S.L.;ELITE;18X000000000K2TZ;Comercializador
ELTE SOFTWARE SL;ELTES;18X000000000NH3U;Comercializador
EMILIO ESTEBAN S.A;EMES;18XEMES-123456-Q;Consumidor directo mercado
ENARA GESTION Y MEDIACION SL;ENARA;18XENARA-12345-A;Comercializador
ENCE ENERGIA HUELVA DOS;ENCHU;18X000000000FCRT;Productor
ENCE ENERGIA PUERTOLLANO;PU100;18X000000000FCTP;Productor
ENCE ENERGÍA, S.L.;EENER;18X000000000F0ZC;Productor
ENCIENDETENERGIA, S.L.;ENCIE;18X000000000OB37;Comercializador
ENDESA COGENER Y RENOVABLES;ECYR;18XECYR-12345-1R;Productor
Endesa Energia;ENDCO;18XENDCO-1234-3B;Comercializador
ENDESA ENERGIA RENOVABLE;EEREN;18X000000000EGUF;Comercializador
ENDI ENERGIA;ENDI;18X000000000F9VU;Comercializador
ENERFIA;ENEFI;18X000000000FYXP;Comercializador
ENERGAZE;EGAZE;18X000000000LIAL;Comercializador
ENERGÉTICA DEL ESTE SL;DLSTE;18X000000000EYNC;Comercializador
ENERGETICA HOTELERA;ENEDK;18X000000000P2NR;Comercializador
ENERGÍA COLECTIVA;ECOLE;18XENECOLECTIVA6;Comercializador
ENERGIA ECOLOGICA ECONOMICA;ENERY;18X000000000I7WM;Comercializador
ENERGIA ELECTRICA EFICIENTE SL;EEEFI;18XEEEFI-12345-B;Comercializador
ENERGIA NUFRI;ENUFR;18X00000000037UC;Comercializador
ENERGIA OPERATIVA;EOP20;18XEOP20-12345-P;Comercializador
ENERGIA UNICA SOLUCIONES INTEGRALES SL;ENEDG;18X000000000P1UG;Comercializador
ENERGIA VIVA SPAIN SL;EVIVA;18XEVIVA-12345-8;Comercializador
Energia XXI;EEXXI;18XEEXXI-12345-T;Comercializador de Referencia
ENERGIA Y COMERCIALIZACION EMPRESARIAL SL;EYCE1;18X0000000005UAC;Comercializador
ENERGIAREA EUROPE SL;ENEDB;18X000000000NSRN;Comercializador
ENERGIAS DE ESCARRILLA SL;ENDEE;18X0000000002JEC;Comercializador
ENERGIAS DE LA VILLA DE CAMPO COMERCIALIZADORA SLU;CAMCO;18X0000000003HAM;Comercializador
ENERGIAS DE PANTICOSA COMERCIALIZADORA;ENDEP;18X0000000002SAU;Comercializador
ENERGIAS DEL ZINQUETA COMERCIALIZADORA SLU;ENEAC;18X000000000J562;Comercializador
ENERGIAS RENOVABLES MEDITERRANEAS;MEDI;18XMEDI-12345-1Z;Productor
ENERGIAS RENOVADORAS SL;ENRNV;18X000000000M7D7;Comercializador
ENERGIES RENOVABLES PUBLIQUES DE CATALUNYA SAU;ENEDJ;18X000000000P2JZ;Comercializador
ENERGREEN MOBILITY S.L;EGREN;18X000000000HLO0;Comercializador
ENERGY BY COGEN, S.L.U;COGEN;18XENERGYBCOGENE;Comercializador
ENERGY CARVISA;CARVI;18XCARVISAENERGQ;Comercializador
ENERGY FACTORY GROUP S.L.;EFG;18XEFG-123456-1E;Comercializador
ENERGY INDEX SL;EINDE;18XX000000000PBN;Comercializador
ENERGY INTERSOL 15;INSOL;18X000000000KWJ2;Comercializador
ENERGY PLUS IBERIA SL;ENEPL;18X000000000P2TF;Comercializador
ENERGY SAVE PROYECTS;ENSAV;18XENSAV-12345-F;Comercializador
ENERGY SOLAR TECH S.L;ENEST;18X000000000ODAO;Consumidor directo mercado
ENERGY TRADER SOLUTIONS SL;ETSOL;18XENERGYTRADERK;Comercializador
ENERGY WORKS CARTAGENA, S.L.;EWCA;18XEWCA-12345-0G;Productor
ENERGYA VM ENERGIAS ESPECIALES, S.L.U.;CENES;18XCENES-12345-6;Comercializador
ENERGYA VM GENERACION S.L.U.;CEG;18XCEG-123456-1F;Comercializador
ENERGYA VM GESTION DE ENERGÍA, S.L.U;CENTE;18XCENTE-1234-3T;Comercializador
ENERGYSTROMXXI;STROM;18XENERGYSTROMXZ;Comercializador
ENERMIA COMERCIALIZADORA ELECTRICA S.L.;ENEDH;18X000000000OUSB;Comercializador
ENERPLUS ENERGIA;ENPEN;18XEPLUSENERGIAN;Comercializador
ENERTIA GROUP, S. L.;ENETI;18X000000000O06Y;Comercializador
ENERVER ENERGIA;ENVER;18X000000000IDF1;Comercializador
ENERXIA GALEGA MAIS;EGALE;18XENERGIAPLUS1W;Comercializador
ENEX SOCIAL ENERGY SL;ENEXS;18X000000000L247;Comercializador
ENGEL COMERCIALIZADORA SL;ENGEL;18X000000000P3MQ;Comercializador
ENGIE;EBLCO;18XEBLCO-1234-3U;Comercializador
ENGIE CARTAGENA S.L.;CARTA;18XCARTA-1234-01;Productor
ENGIE CASTELNOU;CTNU;18XCTNU-12345-0G;Productor
ENTECO EXTREMADURA;ENTXX;18X000000000NSFA;Consumidor directo mercado
ENTECO PHARMA;ENPHA;18X000000000NSG8;Consumidor directo mercado
EPAC COMERCIALIZADORA;EPAC;18X000000000I8L4;Comercializador
EPRESA ENERGIA S.A.U.;EPRSA;18XEPRSA-1234-3L;Comercializador
ESCANDINAVA DE ELECTRICIDAD;CEEE;18XCEEE-123456-T;Comercializador
ESDOMO ENERGÍA SL;ESDOM;18X000000000H3FZ;Comercializador
ESTABANELL Y PAHISA MERCATOR;EPYM;18XEPYM-12345-3S;Comercializador
ESTACION AUTOBUSES ZARAGOZA;ESBUS;18X0000000005T7L;Consumidor directo mercado
ESTAMPACIONES METALICAS EPILA;EPILA;18X000000000LEYM;Consumidor directo mercado
ETER ENERGIA SL;ETNER;18X000000000IVL9;Comercializador
EVERSHINING ENERGY, SOCIEDAD LIMITADA;ESHIN;18X000000000P3TC;Comercializador
EVOLVE ENERGIA SL;URAIV;18X000000000HVP5;Comercializador
EXPO CENTER BMC, SL;EXPOC;18X000000000P66C;Consumidor directo mercado
EXTREMEÑA DE ARROCES;ARROC;18X0000000001LI2;Consumidor directo mercado
EZERO ENERGIA;EZERO;18X000000000FUYZ;Comercializador
FABRICA FORRERIA;TEXOR;18XTEXOR-12345-S;Consumidor directo mercado
FABRICA GEISA;GEISA;18X000000000HHDY;Consumidor directo mercado
FABRICA HILOS TEXTILES;ENTEX;18X0000000001R2G;Consumidor directo mercado
FABRICA TELA;SEDAT;18X000000000GOH9;Consumidor directo mercado
FALCK NEXT ENERGY SRL SPAIN SUCURSAL;RENSP;18X000000000P1VE;Representante
FASTLIGHT S.L;FASTL;18X000000000PB8U;Comercializador
FEED ENERGIA;FEED;18X000000000JFCY;Comercializador
FEMCV;FEMCV;18XFEMUSEROSSCV3;Comercializador
FENIE ENERGIA;FEN;18XFENIEENERGIAX;Comercializador
FIBRAREL, A.I.E.;FIBR;18XFIBR-12345-1A;Productor
FLAMAGAS LLINARS SLU;FLAMA;18X000000000AJ7V;Consumidor directo mercado
FLUID ELECTRIC CAMPRODON II S;FECII;18XFECII-12345-R;Comercializador
FORCES ELECTRIQUES D ANDORRA;FEDA;18XFEDA-123456-4;Comercializador
FORESTA TERRENOS;FORTE;18XFORESTATERREK;Consumidor directo mercado
FORTULUZ COMERCIALIZACION;FORTU;18XFORTULUZ----4;Comercializador
FOX ENERGIA;FOX;18XFOX-1234567-J;Comercializador
FRANCISCO OLLER SA;OLLER;18X000000000CQ2C;Consumidor directo mercado
FRANK ENERGIA IBERIA, S.L.;FRANK;18X000000000P33R;Comercializador
FUKAMI S.L.;FUKA;18X000000000P7Q6;Comercializador
FUTURA GREEN RENOVABLES;FUTGR;18XFUTGR-12345-V;Productor
GABA COMERCIALIZADORA DE ELECTRICIDAD SLU;GABAC;18X000000000MEVO;Comercializador
GAIA GLOBAL ENERGY SL;GGLOB;18XGGLOB-12345-5;Consumidor directo mercado
GALAPAGO ENERGIA SL;GALAP;18X000000000P3LS;Comercializador
GALP ENERGIA ESPANA;GALP;18XGALP-123456-N;Comercializador
GAMBASTAR S.L;GAMB;18XGAMB-123456-4;Consumidor directo mercado
GAMBITOENERGY, S.L.;GAMBI;18X000000000P1AJ;Comercializador
GANA ENERGIA;GAOLA;18XGAOLANIASERVL;Comercializador
GARCIAMUNTE ENERGIA S L;GME;18X000000000H829;Representante
GAS NATURAL COMERCIALIZADORA;GNCO;18XGNCO-12345-3Q;Comercializador
GAS NATURAL SERVICIOS SDG, S.A;GNSE;18XGNSE-12345-3O;Comercializador
GAS NATURAL SUR SDG, S.A.;GNSUR;18XGNSUR-12345-A;Comercializador de Referencia
GASELEC DIVERSIFICACION SL;GDIVE;18XGDIVE-12345-E;Comercializador
GASHOGAR;SRVGS;18XSRVGS-12345-F;Comercializador
GASILUZ ECO ENERCIA;GSLZE;18X000000000H3C4;Comercializador
GAVIPLAS;GAVIP;18XGAVIPLAS-S-LX;Consumidor directo mercado
GAZPROM MARKETING & TRADING LI;GMT;11XGAZPROM-MT--Y;Comercializador
GC2 PROYECTOS;GC2;18XGC2-1234567-A;Comercializador
GDF SUEZ TRADING;FR_GS;17X100A100R0128W;Comercializador
GENERA ENERGIA Y TECNOLOGIA;GNRA;18XGNRA-12345-15;Productor
GENHIDRO S.L.;ANGEL;18XANGEL-12345-R;Productor
GEO LUZ Y GAS SLU;GEOLU;18X000000000P3Y2;Comercializador
GEOAL;GEOAL;18XGEOAL-12345-9;Comercializador
GEOATLANTER S.L.;GAC;18XGEOATLANTERCD;Comercializador
GERENCIA ENERGETICA;GESL;18X000000000IHZN;Comercializador
GERENTA ENERGIA;GRTEN;18X0000000004QAS;Comercializador
GESTERNOVA S.A.;GESTE;18XGESTE-12345-N;Comercializador
GESTINER INGENIEROS, S.L.;GESTI;18XGESTI-12345-O;Consumidor directo mercado
GESTION DE ENERGIA Y MERCADOS;GEMSL;18XGEMSL-1234--H;Comercializador
GESTIONNA;GEST;18XGEST-123456-6;Comercializador
GLOBAL BIOSFERA ENERGIA;GBENE;18XGLOBALBIOSFE3;Comercializador
GLOBAL SOLAR ENERGY, S.A.;GSETT;18XGSETT-12345-M;Productor
GODAY ENERGIA;GOENC;18XGOENC-12345-O;Comercializador
GOIENER S.COOP;GOIEN;18XGOIEN-12345-8;Comercializador
GRAFICAS VARIAS SA;GRAFV;18X000000000F7EX;Consumidor directo mercado
GRANDES CONSUM. INDUSTR. S.L.;FORTI;18XFORTI-12345-2;Comercializador
GREEN ENERGY 360, S.L.;GREAL;18X000000000P8TY;Comercializador
GREENSUNRISE ENERGY, S.L.;GRNSR;18X000000000P5YX;Comercializador
GRUPO EMPRESARIAL ENCE S.A - C;ENCEG;18XENCEG-1234-14;Productor
GRUPO ENDESA GENERACION;ENDG;18XENDG-12345-0G;Productor
GUNVOR;GUNVOR;12X-0000001807-W;Comercializador
GURBTEC ENERGIA, SL;GURBT;18X000000000JVWK;Comercializador
HAFESA MOBILITY ELC, S.L.;HAFES;18X000000000P6WY;Comercializador
HALLEY ENERGY, SOCIEDAD LIMITADA;HALLE;18X000000000P35N;Comercializador
HAM POWER, S.L;HAMPO;18X000000000MBOA;Comercializador
HANWHA;ESHAN;18X000000000GB6X;Comercializador
HARINAS POLO;HAPO;18X0000000007EE7;Consumidor directo mercado
HELIA COOPV;HELIC;18X0000000009ENI;Comercializador
HELIOELECENERGIA ELECTRICAYGAS;HELEC;18X0000000008WVQ;Comercializador
HELIOS ENERGIA INTELIGENTE;HELEI;18X000000000KJSN;Comercializador
HIDRO NITRO ESPAÑOLA, S.A.;HDE;18XHDESG-1234-1Y;Productor
HIDROBESORA SERVICIOS SL;HIDSE;18X0000000001ZE5;Comercializador
HIDROCANTÁBRICO ENERGÍA COMERC;HCENE;18XHCENE--123-3S;Comercializador
HIDROCANTABRICO ULTIMO RECURSO;HCCUR;18XHCCUR-12345-9;Comercializador de Referencia
HIDROCARBUROS ALAHURÍN SL;ALAHU;18X000000000O2PR;Comercializador
HIDROELECTRICA DEL VALIRA SL;VALI;18XVALI-12345-3M;Comercializador
HIDROELÉCTRICA EL CARMEN ENERGÍA, S.L;HECEN;18XHCARMENENERG1;Comercializador
HIDROELECTRICA LUMYMEY SL;LUM1;18XLUM1-123456-L;Comercializador
HIDROJERTE;HIDRJ;18XHIDRJ-12345-S;Productor
HIKARI ENERGIA, S.L;HIKAR;18X000000000LXAD;Comercializador
HILADOS EGARFIL S.A.;HILAD;18X0000000001SR0;Consumidor directo mercado
HILLTECH DIGITAL, S.L.;HILLT;18X000000000P4IV;Comercializador
HISPAELEC;HISPE;18XHISPE-1234-3C;Comercializador
HISPANO TEX;MELUL;18XMELUL-12345-N;Consumidor directo mercado
HOLALUZ CLIDOM;CLIDM;18XCLIDM-12345-4;Comercializador
HORECA ENERGIA SL;HORE;18XHORECAENERGIR;Comercializador
HORNO INDUSTRIAL DE PAN;FLECA;18X0000000000FB1;Consumidor directo mercado
HOTEL SILOS;SILOS;18X0000000006PEF;Consumidor directo mercado
HOY ENERGIA S.L.;HOYEN;18X000000000LZ1P;Comercializador
HSAT21 ENERGIA SL;HSATE;18X000000000M510;Comercializador
HUERTA DEHESA EL ALCORNOCAL SL;IBTOS;18X000000000KAY1;Consumidor directo mercado
HULLERAS DEL NORTE S.A.;HUNOS;18XHUNOSA-1234-0;Productor
HYDROEXERGY S.L.;HYDRO;18X000000000P5V2;Comercializador
IBAR ENERGIA S.L.;IBARE;18X000000000P75B;Comercializador
IBERDESA SUJETO DE MERCADO;IBERD;18X000000000FEAK;Comercializador
IBERDROLA CLIENTES;IBCLI;18XIBCLI-12345-V;Comercializador
IBERDROLA GENERACION;IBEG;11XIBERDROLA-013;Productor
IBERDROLA GENERACION ESPAÑA;IBGES;18XIBGES-12345-4;Comercializador
IBERDROLA GENERACION NUCLEAR;IGNU;18XIGNU-123456-1;Productor
IBERDROLA GENERACION TERMICA;IBGT;18X000000000A32F;Productor
IBERDROLA SERVICIOS ENERGETICO;IBSEN;18X0000000009KQV;Comercializador
IBERELECTRICA COMERCIALIZADORA;GALA1;18XGALA1-12345-B;Comercializador
IBERICA DE SUSPENSIONES;IBSUS;18X000000000L433;Consumidor directo mercado
IBERICA IMPULSA, S.L;IBERB;18X000000000K1YS;Comercializador
IBERMAX ENERGY Y CONSULTING, S.L;IBERY;18X000000000NKYX;Comercializador
IDES ENERGÍA, S.L.;IDESE;18X000000000P5OG;Comercializador
IGNIS COMER ELECTRICA;IGNIS;18XIGNIS-12345-C;Comercializador
IGNIS GENERACIÓN S.L.;CYDDP;18X0000000002A2Q;Productor
ILANDS AND BUILDINGS;LAND;18XLAND-123456-J;Consumidor directo mercado
IM3ENERGIA;IM3;18XIM3ENERGIASLH;Comercializador
IMPERIUM LUMEN S.A.;IMPER;18X000000000MYZU;Comercializador
INARGY SPOT S.L.U.;INARG;18X000000000P92B;Comercializador
INCOGAS;ICGAS;18XICGAS-12345-W;Comercializador
INDALO ENERGÍA, S.L.;INDA;18X000000000PE7N;Comercializador
INDAREL KUDEAKETA, SLU;INDAR;18X000000000P74D;Comercializador
INDEXA ENERGIA INTELIGENTE SL;INDEA;18XINDEXAENERGIS;Comercializador
INDEXO ENERGIA;INDEX;18XINDEXOENERGIR;Comercializador
INER MADRID SL;INERM;18X000000000PDTJ;Comercializador
INER1CO1;INER1;18XINER1-12345-W;Comercializador
INGAROIL;INGAR;18XINGAR-12345-K;Productor
INGEBAU SOLUCIONES DE MEDIDA;ISMSL;18X000000000F2DD;Comercializador
INGEM ENERGIA SL;INGEM;18X000000000IFXX;Comercializador
INICIATIVA E.NOVA;IENOV;18XIENOV-12345-N;Comercializador
INICIATIVAS ENERGÉTICAS O3, S.L.;INICB;18X000000000PCAN;Comercializador
INMOBILIARIA DE CONSTRUCCIONES;ICASA;18XICASA-12345-6;Comercializador
INTEGRACION EUROPEA DE ENERGIA;INTEG;18XINTEG-12345-A;Comercializador
INTERENERGIA ENERGY TRADING COMPANY;INTEA;18X000000000L6I4;Comercializador
INTRAENERGIA REPRESENTACION SL;INTRA;18XINTRAENERGIAP;Comercializador
INUSK01;INUSK;18X000000000IJJC;Comercializador
INVESYDE COMERCIALIZADORA;ISYDE;18X000000000FUC5;Comercializador
ION ENERGÍA;ION;18XENERGIAEUROPT;Comercializador
IRIS ENERGIA EFICIENTE;IRIS;18X0000000008IYP;Comercializador
ISABA;EZKAI;18X0000000007DUF;Comercializador
ISAE COMERCIALIZACION S.L.;ISAEC;18X000000000P5C3;Comercializador
ISEO ENERGÍA S.L.;ISEO;18X000000000P2UD;Consumidor directo mercado
ITALCOGENERACION;ITACO;18XITACO-1234-1Z;Productor
ITURBEGI S.L.;ITURB;18XITURB-12345-R;Productor
J.ARON & COMPANY;JARON;11XJARON-------M;Comercializador
JMF ENERGIAS RENOVABLES, S.L;JMFEN;18X000000000P4NL;Comercializador
JOVE ENERGÍA RENOVABLE SL;JOVE;18X000000000P777;Comercializador
JUAN ENERGY COMERCIALIZADORA;JUANX;18X000000000HBED;Comercializador
JUNTA ANDALUCIA;JDALU;18XJDALU-12345-J;Productor
JUST ENERGY PRO LUZ;JUSEP;18X000000000NVJU;Comercializador
KAIBI INVESTMENT, S.L.;KAIBI;18X000000000P9SX;Comercializador
KANUI ENERGIA;KAEN;18XKAEN-12345-1B;Productor
KARMA ALIMUR S.L.;KARMA;18X000000000P3RG;Comercializador
KILOWATIOS VERDES SL;KILVE;18X0000000002KI1;Comercializador
KINESTALIA ENERGIA, SOCIEDAD LIMITADA;KINE;18X000000000NLOD;Comercializador
KIRIN RENOVABLES, SOCIEDAD LIMITADA;KIRIN;18X000000000P8FP;Comercializador
KISHOA COMERCIALIZADORA;KISHO;18X0000000004GBJ;Comercializador
KODL CAPITAL SL;KODLC;18X000000000IVZI;Comercializador
KONERY EFICIENCIA ENERGTICA;KONRY;18XKONRY-12345-5;Consumidor directo mercado
KWFVI ENERGÍA, S.L;KWFVI;18X000000000HTJN;Comercializador
LA CORRIENTE S COOP;LACOR;18X000000000BFEP;Comercializador
LA UNIÓN ELECTRO INDUSTRIAL, S;LAUEI;18XLAUEI-12345-O;Comercializador
LA VALL COMERCIALIZADORA ELECTRICA SOCIEDAD LIMITADA;LAVAL;18X000000000NBHK;Comercializador
LABOIL ENERGIA SL;LABOI;18XLABOI-12345-M;Comercializador
LABOR SOLIS COMERCIALIZADORA DE ENERGÍA S.L;LABOA;18X000000000NNKF;Comercializador
LADY WARSAW INVESTMENT SL;LADYW;18X000000000P8MB;Comercializador
LEON COMERCIALIZADORA DE ENERGIA;LEONC;18X000000000P7VX;Comercializador
LIDERA COMERCIALIZADORA ENERGIA SL;LIDER;18X000000000JXBJ;Comercializador
LIDERGIA;LDGIA;18XLIDERGIACOMMR;Productor
LIMPIEZA ENERGÉTICA 2024 SL;SOLTE;18X000000000P3BB;Comercializador
LINAMAR LIGHT METALS ZARAGOZA S.A.U;LINAM;18X000000000P8DT;Consumidor directo mercado
LINK ENERGIA;LINKE;18X000000000GSW4;Comercializador
LONJAS TECNOLOGIA S.A.;LMER;18XLMER-123456-J;Productor
LOOP ELECTRICIDAD;LEDCE;18XLEDCE-12345-Y;Comercializador
LOVE ENERGY;LOVEE;18X000000000H9K7;Comercializador
LOWCOSTPOWER;LCOST;18X000000000ITIL;Comercializador
LUCIÉRNAGA COMERCIALIZADORA;LUCIE;18X0000000004P62;Comercializador
LUCIFERASA-1 ENERGIA, S.L.;LUCIF;18X000000000P4F0;Comercializador
LUCIFERASA-2 ENERGIA, S.L.;LUCIA;18X000000000P57D;Comercializador
LUCKY LUZ ENERGIA SL;LUCK;18X000000000P882;Comercializador
LUMENAZA GMBH;LUMEN;11XLUMENAZA----N;Representante
LUX FORUM SLU;LUX;18XLUX-1234567-H;Comercializador
LUXIA ENERGIA Y CONSULTORES, S.L.;LUXIA;18X000000000P73F;Comercializador
LUZ DEL PUEBLO S.L.;LUZDA;18X000000000MG9P;Comercializador
LUZ SOLIDARIA INCLUSIVA, SL;LSINC;18X000000000MYD0;Comercializador
LUZ SOLIDARIA SL;LUZSO;18X000000000F3TF;Comercializador
LUZY ENERGIA RENOVABLE SLU;LUZYE;18X000000000NEUM;Comercializador
LUZYGAS IBERIA SL;LUZYG;18X000000000P5NI;Comercializador
MACEB;MACEB;18X000000000I9I7;Consumidor directo mercado
MAFRESA IBERICO DE CONFIANZA;MFRSA;18X000000000EYOA;Consumidor directo mercado
MALAKA ENERGIA SL;MALAK;18X000000000P1Z6;Comercializador
MARRUECOS;ONE;18XONE-123456-6M;Comercializador
MARTIN LOPEZ DE PETROLEOS;MARTB;18X000000000KYSF;Comercializador
MAS ALLA PRODUCTOS ENERGETICOS, S.L.;MASAL;18X000000000PC9P;Comercializador
MAS INTELIGENCIA;MASIN;18XMASINTELIGEN8;Comercializador
MASNORTE GLOBAL POWER, SOCIEDAD LIMITADA;MASNA;18X000000000PCEF;Comercializador
MASQLUZ 2020;MASQL;18X000000000H7YM;Comercializador
MATADERO EL CABEZO DE LA PLATA;PLATA;18X0000000001VL3;Consumidor directo mercado
MATADERO MOIA;MOIA;18XMOIA-123456-Y;Consumidor directo mercado
MAXI ENERGIA Y CONSULTORES, S.L.;MAXEN;18X000000000P2PN;Comercializador
MEGARA ENERGIA SOC COOP;MEG;18XMEG-1234567-D;Comercializador
MEGAWATIO ENERGÍA SL;MEGAW;18X000000000P2MT;Comercializador
MERCURIA ENERGY TRADING SA;MERCU;12XMETSA-------C;Comercializador
MEROLTEX SL;MEROL;18X000000000N7IU;Consumidor directo mercado
MET ENERGÍA ESPAÑA, S.A.U.;METEN;18X0000000001WNX;Comercializador
METALGAR;TALGA;18X000000000NWT7;Consumidor directo mercado
MINAI SERVICIOS ENERGETICOS;MINAI;18X000000000GSF1;Comercializador
MINAS DE ALCANTARA SL;MINAL;18X00000000014VR;Consumidor directo mercado
MODISPREM;MODI;18XMODI-123456-9;Consumidor directo mercado
MOLALUZ ENERGIA SL;MOLAL;18X000000000P7HO;Comercializador
MOLECOR;MOLE;18XMOLE-123456-Z;Consumidor directo mercado
MOLECOR CANALIZACIONES S.L;MOLEC;18X000000000OXWV;Consumidor directo mercado
MONTARTO TECHNOLOGY SL;MONTR;18X000000000OQMZ;Comercializador
MORTERO SOLAR SPAIN S.L;MORTE;18X000000000P9YL;Comercializador
MOSCOSO ENERGIA;MENER;18XMENER-12345-X;Comercializador
MOVHERA - HIDROELETRICAS DO NORTE SA;MOVHE;16XMOVHE-------W;Comercializador
MOVIER ENERGIA SOSTENIBLE S.L.;MOVIE;18X000000000P36L;Comercializador
MUESTRARIOS IBERIA SL;MUEST;18X000000000OD9Q;Consumidor directo mercado
MULTIENERGIA VERDE;MULTI;18XMULTI-12345-G;Comercializador
MULTISERVICIOS TECNOLOGICOS SA;MULTA;18XMUL-1234567-P;Comercializador
MUNICIPAL DE SERVICIOS VILLAHE;MSVSL;18XMSVSL-12345-O;Comercializador
MY ENERGIA ONER S.L.;MYEN;18XMYENERGIAONEZ;Comercializador
MYENXXI;MYENX;18X000000000KR0I;Comercializador
MYLIGHT ENERGY SP, S.A.U.;MYLIG;18X000000000ONXM;Comercializador
NABALIA ENERGIA;NABAL;18XNABAL-12345-Z;Comercializador
NATURGY CICLOS COMBINADOS;GNCC;18X000000000LF29;Productor
NATURGY CLIENTES, S.A.;NYCLI;18X000000000ME36;Comercializador
NATURGY GENERACIÓN S.L.U.;GNFG;18XGNFG-123456-N;Productor
NATURGY RENOVABLES;GNCE;18XGNCE-12345-3F;Comercializador
NEMON INTELLIGENCE IN BUSINESS;NEMON;18XNEMON-12345-4;Comercializador
NEOELECTRA ENERGÍA SLU;NEOEN;18XNEOEN-12345-8;Comercializador
NETON ENERGY SERVICES, S.L.U.;NETON;18X000000000ORPQ;Comercializador
NEURO ENERGIA;NEURO;18X00000000074FZ;Comercializador
NEXT ENERGiA XXI SL;NEXAM;18X000000000KQZP;Comercializador
NEXT ENERGY PLUS, S.L.;NEXAP;18X000000000PASU;Comercializador
NEXUS ENERGIA;NEXU;18XNEXU-12345-1F;Comercializador
NEXUS RENOVABLES, S.L.;NRENO;18XNRENO-12345-B;Comercializador
NIDHOG APS;NIDHO;45X0000000000537;Comercializador
NIVAPLAST RECICLADOS;NIVA;18XNIVA-123456-O;Consumidor directo mercado
NOBLE CLEAN FUELS LIMITED;NOBLE;11XNOBLE-------F;Comercializador
NOCTILUCA ENERGIA, S.L.;NOCTI;18X000000000PELW;Comercializador
NORDWESTEN ENERGIE SL;NORDW;18X000000000P6YU;Comercializador
NORTELECTRICA SA;NORE;18X0000000006N8X;Comercializador
NOSA ENERXIA SCG;NOSA;18XNOSA-123456-M;Comercializador
NOVALUZ ENERGÍA SL;NVLZE;18X000000000F1RP;Comercializador
NUEVA COMERCIALIZ ESPAÑOLA SL;NCE;18XNCE-1234567-9;Comercializador
OCTOPUS ENERGY ESPANA SLU;UMEME;18X000000000EWHU;Comercializador
ODF ENERGIA LIBRE;ODF;18XODF-1234567-A;Comercializador
OHM EYG COMERCIALIZADORA;OHMEY;18X000000000JNZ1;Comercializador
OHMIA ELECTRA;OHMIA;18X0000000004RPW;Comercializador
OK_TU_ENEGIA_VERDE;OKENE;18X000000000ITP7;Comercializador
OLE GREEN ENERGY;OLE;18XOLE-123456--N;Comercializador
OLIVES AND PICKLES;OLIVA;18X000000000KUDK;Consumidor directo mercado
OLIVIA COMERCIALIZADORA SLU;OLIVC;18X000000000B73Y;Comercializador
ON DEMAND FACILITIES;ONDEM;18XONDEMAND----Q;Comercializador
ONDARE UNIVERSIDAD SLU;ONDAR;18X000000000PAUQ;Consumidor directo mercado
ONSE;ONS;18X000000000BTUP;Consumidor directo mercado
OPERADOR DEL SISTEMA;REE;10XES-REE------E;Operador del sistema
OPPIDUM;OPPI;18XOPPI-123456-O;Comercializador
OSUNA MISSSION;OSUNA;18X0000000000EQB;Consumidor directo mercado
OXPERTA GREEN ENERGY, SL;OXPER;18X000000000OBEM;Comercializador
P. E. DEL ALTIPLANO;PEALT;18XPEALT-12345-C;Productor
P.E. BECERRIL S.L.;PEBEC;18XPEBEC-12345-2;Productor
PARATIENERGIA;PTENG;18X000000000KUWJ;Comercializador
PELLET ASTURIAS;PEL;18X18XPELLETSASW;Consumidor directo mercado
PETRONAVARRA SL;NAVAR;18XNAVAR-12345-K;Comercializador
PETRONIEVES ENERGIA COMERCIALI;PESL;18XPESL-123456-6;Comercializador
PIENSOS DARUZ;DARUZ;18XPIENSOSDARUZV;Consumidor directo mercado
PINDO ELECTRICIDAD Y GAS;PINDO;18X000000000GSX2;Comercializador
PISUERGA INFRAESTRUCTURAS ENERGETICAS SL;PISUE;18X000000000P8BX;Comercializador
PIZARRAS MATACOUTA S.A;MATA;18XMATA-123456-7;Consumidor directo mercado
PLANA CAN GUITART S.L.;PLACG;18XPLANACG-1234D;Productor
PLANTA MECA-BIOLOGICA BOTARELL;BOTAR;18XBOTAR-12345-U;Productor
PLANTA SOLAR HELIOS I, S.L.;HELIO;18XPSHELIOSI000N;Productor
PLASPISA SA;PLAS;18XPLAS-123456-D;Consumidor directo mercado
PLASTIENVASE;SPGG;18X0000000009MEC;Consumidor directo mercado
POLAR COMERCIALIZADORA ELÉCTRICA, S.L.;POLAR;18X000000000P9AW;Comercializador
PONTS COMERCIALITZADORA MUNICI;PONTC;18X0000000002NA8;Comercializador
POTENZIA COMERCIALIZADORA SL;POTEN;18X0000000000T66;Comercializador
POWEN IBERIA, S.L.;POWEN;18X000000000P4GZ;Comercializador
POWER PULSE IBERIA SL;POWEE;18X000000000P6Q9;Comercializador
POWER SOLAR TRADE SL;POWED;18X000000000P65E;Comercializador
POWER WATT ENERGY;SUNCA;18X0000000006YAX;Comercializador
POWERMART APS;POWER;23X-POWERMART--8;Comercializador
PRODUCCIONES JOSE MANUBENS;PRODU;18X000000000KTTS;Consumidor directo mercado
PRODUCTOS  CHURRUCA;CHURR;18X000000000N045;Consumidor directo mercado
PROFIT ENERGY SL;SOPRO;18X000000000NROW;Comercializador
PROSOL ENERGÍA COMERCIALIZADORA SL;PROSA;18X000000000KYF4;Comercializador
PROT ENERGIA COMERCIALIZACION;PROTC;18XPROTENERGIACD;Comercializador
PULSAR ENERGIA;PULSA;18XPULSA-12345-M;Comercializador
QUANTICA COMERCIALIZADORA DE ENERGIA, S.L;QUANT;18X000000000N7MM;Comercializador
QUANTUM LUX 6.4 S.L;QUANA;18X000000000NCL9;Comercializador
QUASAR ENERGIA;QENER;18X0000000007UJN;Comercializador
RAUL Y ANGEL ELECTRICA;RAYAN;18X000000000DDEN;Comercializador
RDG COMERCIALIZADORA GALEGA DE ENERXIA, S.A.;RDGCO;18X000000000P9TV;Comercializador
RECICLAJE ECOLOGICOS BARATHEON;WATIO;18X000000000H3GX;Comercializador
RECICLAJES ECOLGICOS CHANDUY;CHAND;18X000000000HNI6;Comercializador
RECICLAJES ECOLOGICOS NAGINI SL;NAGIN;18X000000000JXI5;Comercializador
REGISITI COM. REGULADA;EONUR;18XEONUR-123456S;Comercializador de Referencia
REMICA COMERCIALIZADORA;REMIC;18XREMIC-12345-0;Comercializador
RENEWABLE ENERGY OPTIMISATION;SOREX;48X000000000264N;Comercializador
RENOVAE CONSULTING;RCONS;18X000000000IL6W;Comercializador
RENU ENERGY, S.L.;RENUE;18X000000000P4LP;Comercializador
REPCOM EYG;VIEE;18XVIEE-12345-36;Comercializador
REPRESENTANTES DE CONSUMIDORES EN EL MERCADO ELECTRICO;RECON;18XRECON-12345-P;Consumidor directo mercado
REPSOL GENERACIÓN ELECTRICA;VIEG;18XVIEG-12345-0T;Productor
REPSOL PETROLEO SA;REPP;18XREPP-12345-0T;Productor
REPSOL SERVICIOS RENOVABLES SA;REPSB;18X000000000KUYF;Representante
RESPIRA ENERGIA;RSPRA;18XRSPRA-12345-N;Comercializador
RESPIRA ENERGIA ATLANTICA S.L.;RESPA;18X000000000P6FV;Comercializador
RESPIRA ESPAÑA;RSPRE;18X0000000000BY4;Comercializador
REUS SERVEIS MUNICIPALS, SA;REUSS;18X000000000LWMT;Comercializador
REYSE ENERGIA SL;REYSE;18XREYSE-12345-9;Comercializador
RNB SL;RNBB;18XRNBB-123456-B;Consumidor directo mercado
ROFEICA ENERGIA, S.A.;ROFEN;18XROFEN-12345-9;Comercializador
RONDA OESTE ENERGIA;OESTE;18XOESTE-12345-U;Comercializador
SAHKOA SMART ENERGY SL;SAHKO;18X000000000PBAQ;Comercializador
SALTOS DEL JUCAR HIDRAULICA;SJUCA;18XSJUCA-12345-S;Productor
SAMA2 ENERGY, S.L.;SAMA2;18X000000000PA1A;Comercializador
SAMARA ENERGIA VPP, S.L.;SAMAR;18X000000000P8KF;Comercializador
SAMPOL INGENIERIA Y OBRAS;SAMP;18XSAMP-12345-1L;Productor
SAN PEDRO DE ARAIA;CHPED;18X000000000P1OS;Comercializador
SAPIENS ENERGIA COOPS;SAPIE;18X000000000K1HP;Comercializador
SASKI BASKONIA SAD;SASKI;18X000000000P22W;Consumidor directo mercado
SAT N9888 IMPERIO;SAIMP;18X000000000OB8Y;Consumidor directo mercado
SATSP;SATSP;18X000000000HFLO;Consumidor directo mercado
SCL MTRA SRA DEL PRADO;PRADO;18X0000000001MMS;Consumidor directo mercado
SECOND FOUNDATION ENERGY A.S.;SECOB;27X-SF-ENERGY--T;Comercializador
SENEO, COOP.V.;SENEO;18XSENEO-12345-J;Comercializador
SERMAT;SERMA;18X000000000N1AR;Comercializador
SERV. ENER. DE ALTA EFICIENCIA;SEDAE;18XSEDAE-12345-0;Comercializador
SERVEI D INCINERACIÓ DELS RESI;SIRUS;18XSIRUSA------T;Productor
SERVICIO EXTREMEÑO DE SALUD;SEXTS;18X0000000008GQA;Consumidor directo mercado
SERVICIOS ENERGÉTICOS AVANZADOS SL;SERVC;18X000000000P3KU;Comercializador
SERVIENERGIA ELECTRICA SL;SERV;18X000000000P7JK;Comercializador
SHAREYOURENERGY;SYENE;18X000000000LH9Q;Comercializador
SHELL ENERGY;SHEEN;18XSHEEN-1234-6L;Comercializador
SHELL ESPAÑA, S.A.;SHELL;18XSHELL-1234-3C;Comercializador
SIGNO ENERGY, S.L.;SIGNO;18X000000000ITMD;Comercializador
SILLEDA COMERCIALIZADORA;HSCOM;18X0000000000WIA;Comercializador
SIMPLES ENERGIA DE ESPAÑA SL;SIMPE;18X0000000000CJV;Comercializador
SIMPLIA ENERGIA S.L;SIMP;18X000000000PBDK;Comercializador
SMURFIT KAPPA NERVION, S.A.;SMURF;18XSMURF-12345-J;Productor
SNIACE S.A.;SNIA;18XSNIA-123456-5;Productor
SOCIEDAD ARAGONESA;VIRTM;18X000000000HNBK;Comercializador
SOCIETAT MUNICIPAL DE COMERCIA;COTIR;18X0000000004GUI;Comercializador
SOLARIA REPRESENTACIÓN EN MERCADO S.L.;SOLRC;18X000000000PBTP;Representante
SOLFLIX SOLAR S.L.;SOLFL;18X000000000P38H;Comercializador
SOLUCIONES PREMMIA ENERGIA;PTROL;18X000000000HB9N;Comercializador
SOLWE ENERGÍA;SOLWE;18X000000000JVBP;Comercializador
SOM ENERGIA COOPERATIVA;SOMEN;18XSOMEN-12345-U;Comercializador
SOM RENOVABLES SL;SOMRE;18X000000000FAVR;Productor
SPINREACT SAU;SPINR;18X0000000005ZAY;Consumidor directo mercado
SPOCK P2P, S.L.;SPOCK;18X000000000P4OJ;Representante
SSE ENERGY SUPPLY LIMITED;SSEEN;23X--140207-SSE9;Comercializador
STATKRAFT MARKETS GMBH;SMG;11XSTATKRAFT001N;Comercializador
STIN SA;STIN;18X-ROTOSTIN01-1;Comercializador
STOCKFIL S.L.;STOCK;18X000000000P3IY;Consumidor directo mercado
SUAVIZANTES Y PLASTIFICANTES BITUMINOSOS;SPBB;18XSPBB-123456-B;Consumidor directo mercado
SUCA SOCIEDAD COOPERATIVA;SUCAS;18X0000000001I6Z;Comercializador
SUJETO DE MERCADO RELUZCA;RELUZ;18X000000000IS2J;Comercializador
SUJETO ENERPLUS;ENERP;18XENERP-12345-G;Comercializador
SULAYR;SULA;18XSULA-12345--K;Consumidor directo mercado
SUMINISTROS DE GAS Y LUZ EUROPA COMERCIALIZADORA;EURCO;18X0000000006LIJ;Comercializador
SUN POWER SPAIN 365;SUNPS;18X000000000NI9F;Comercializador
SUNAIR ONE ENERGY;SUNAI;18XSUNAI-12345-W;Comercializador
SUNAIR ONE HOME;SUNHO;18XSUNAIRONEHOME;Comercializador
SUNFLIX RENOVABLES S.L.;SUNFL;18X000000000P37J;Comercializador
SWAP ENERGIA;SWAPE;18XSWAPE-12345-0;Comercializador
TALARN ENERGIA ELECTRICA;TALEN;18X00000000023AV;Comercializador
TARRAGONA POWER S.L;TAPOW;18XTAPOW-1234-0O;Productor
TAUTRA ENERGIA;TAUTR;18X000000000KFBW;Comercializador
TELECOR REPRESENTANTE CONSUMIDORES DIRECTOS;TLCOR;18X000000000I3YU;Consumidor directo mercado
TELEFÓNICA SOLUCIONES;TSOL;18XTSOLUCIONES1N;Comercializador
TENSINA DE ENERGIA Y SERVICIOS;TENDE;18X0000000002JY9;Comercializador
TEXTIL PUIG UBACH SA;TEXTB;18X000000000M3UM;Consumidor directo mercado
TEXTIL VALOR;VALOR;18X000000000H0CD;Consumidor directo mercado
TGB SA;TGBSA;18X0000000006RMU;Consumidor directo mercado
TH ELECTRICITY GAS SL;THELE;18X000000000P4ZY;Comercializador
THERMOLYMPIC S.L;THER;18XTHER-123456-C;Consumidor directo mercado
TIPMEGA, S.A.;TIP;18XTIP-123456-1H;Productor
TOMMY ENERGY, S.L.;TOMMY;18X000000000P9IG;Comercializador
TORNADIZOS ENERGY SL;TORNA;18X000000000P8XQ;Comercializador
TORTOSA ENERGIA, S. A.;TORTE;18XTORTE-1234-1I;Productor
TOTAL GAS;TOTGA;11XTOTAL-------8;Comercializador
TOTAL GAS Y ELECTRICIDAD ESPAA SAU;TGYE;18X00000000050WL;Comercializador
TOTALENERGIES CLIENTES S.A.U.;NATGA;18XNATGA-1234-3Y;Comercializador
TRACTAMENT I SELECCIO DE RESID;TERSA;18XTERSA--123-1S;Productor
TRAILSTONE RENEWABLES GMBH;TSRDE;11X0-0000-0518-U;Comercializador
TRICLINIUM INVERSIONES SL;TRICL;18X000000000P8N9;Comercializador
TRISOLARIS AG;TRISO;12X-000000209E-9;Comercializador
TU ELECTRICA S.L.;TUELE;18X000000000LN7C;Comercializador
TUCAN ENERGIA;TUCAN;18X000000000J6HE;Comercializador
TUNERGIA;CONTA;18X000000000J4MA;Comercializador
TVITEC SYSTEM GLASS;TEVI;18X00000000039IU;Consumidor directo mercado
ULTREYA SOLUCIONES SL;ULSOL;18X000000000I8J8;Comercializador
UMBRELLA ELECTRON, S.L.;UMBRE;18X000000000P1TI;Comercializador
UNIELECTRICA;UNEL;18XUNIELECTRICAI;Comercializador
URANOSCOPIDAE ENERGIA VI, S.L.;URANB;18X000000000LYD4;Comercializador
URANOSCOPIDAE V ENERGIA S.L.;URANA;18X000000000LDBY;Comercializador
URANOSCOPIDAE VII ENERGIA, S.L.;URANC;18X000000000M27Y;Comercializador
URBENER;URBEN;18XURBEN-12345-F;Comercializador
UTTEM-TRM;UTTEM;18XUTTEM-12345-O;Productor
VALERO FORN TRADICIONAL SL;VALEA;18X000000000NI7J;Consumidor directo mercado
VALLES PLASTIC FILM, S.L.;VPFIL;18XVPFIL-12345-Y;Consumidor directo mercado
VARAENER, S.L.;VARAE;18X000000000P110;Comercializador
VECTOR ENERGÍA S.L.;VECTO;18X000000000CEYL;Comercializador
VELETA ENERGIA SL;VELTA;18X000000000MC74;Comercializador
VERDELUZ;VDLUZ;18X000000000LTAP;Comercializador
VESTA RENOVABLES S.L.L.;VESTB;18X000000000P3E5;Comercializador
VIMCOMEL SL;VIMCO;18X000000000P769;Comercializador
VIÑAOLIVA SOCIEDDAD COOPERATIVA;VINAO;18X000000000PDDE;Consumidor directo mercado
VIRGIN ELECTRIC COMERCIALIZADORA;VIRGI;18X0000000003K2T;Comercializador
VIROQUE ENERGY SL;VIROQ;18X000000000NNUW;Comercializador
VIRTUAL POWER PLANT SE;VPPSE;18XVIRTUALPOWERH;Comercializador
VIRTUS GLOBAL ENERGY;VIRTU;18X0000000007V2H;Comercializador
VISALIA ENERGIA SLU;VISAL;18X000000000CAIS;Comercializador
VISCOCEL S.L.U;SNIVI;18XSNIVI-12345-Z;Consumidor directo mercado
VITA ENERGY CONSULTING SL;VITEC;18X000000000L86M;Representante
VITOL SA;VITOL;23XVITOLSA-----3;Comercializador
VIVA ENERGIA Y SOLUCIONES SL;VIVA;18X0000000002MQG;Comercializador
VIVO ENERGIA FUTURA;VIVO;18X0000000000JQX;Comercializador
WARTSILA IBÉRICA S.A.;WARTS;18XWARTS-12345-7;Productor
WATIO WHOLESALE;WWHOL;18XWWHOL-12345-3;Comercializador
WEKIWI SL;WEKIW;18X000000000M9HU;Comercializador
WIBERLUZYGAS;WIBER;18X000000000IHWT;Comercializador
WIND TO MARKET;WMARK;18XWMARK-1234-18;Comercializador
XENERA COMPAÑÍA ELÉCTRICA S.A.;ENERG;18XENERG-12345-N;Comercializador
YELLOW ENERGY;YELLO;18XYELLO-12345-4;Comercializador
YOU ARE ENERGU, S.L.;YOUAR;18X000000000P1BH;Comercializador
ZELTRIA ENERGIA;ZELTR;18XZELTRIAENERGN;Comercializador
ZEREP CARBONICAS Y AGUAS;ZERE;18XZERE-123456-V;Consumidor directo mercado
ZERMATT POWER, SL;ZRMTT;18X000000000KBRC;Comercializador
ZETA ENERXIA GALEGA S.L.;ZETAE;18X000000000P6T3;Comercializador
ZUG POWER, SL;ZUGPW;18X000000000MYC2;Comercializador
ZULUX ENERGIA;ZULU;18X000000000FBK9;Comercializador
